Workbook

Sheet Final Results
B2: First Mid-Term Exam (AY 2025-2026) | D2: Year | E2: 1 | F2: Section | G2: A
B3: Teacher Name: | C3: Ms Patience
A4: S.No. | B4: Name of student | C4: Quiz | D4: CW | E4: HW | F4: Term Exam | G4: Total
C5: 20 | D5: 10 | E5: 10 | F5: 60 | G5: 100
A6: 1- | B6: Abdul Manan Nour | C6: =ROUNDUP(Quiz!G6,0) -> 20 | D6: ='CW&Projects'!G6 -> 10 | E6: ='HW&Projects'!G6 -> 10 | F6: 57 | G6: =C6+D6+E6+F6 -> 97
A7: 2- | B7: Abdullah Mohamed Akrim | C7: =ROUNDUP(Quiz!G7,0) -> 20 | D7: ='CW&Projects'!G7 -> 10 | E7: ='HW&Projects'!G7 -> 10 | F7: 50 | G7: =C7+D7+E7+F7 -> 90
A8: 3- | B8: Ahmad Ammar mohammed | C8: =ROUNDUP(Quiz!G8,0) -> 20 | D8: ='CW&Projects'!G8 -> 10 | E8: ='HW&Projects'!G8 -> 10 | F8: 60 | G8: =C8+D8+E8+F8 -> 100
A9: 4- | B9: Farida Ghofran | C9: =ROUNDUP(Quiz!G9,0) -> 20 | D9: ='CW&Projects'!G9 -> 10 | E9: ='HW&Projects'!G9 -> 10 | F9: 60 | G9: =C9+D9+E9+F9 -> 100
A10: 5- | B10: Jwan Ayman Hashiam | C10: =ROUNDUP(Quiz!G10,0) -> 20 | D10: ='CW&Projects'!G10 -> 10 | E10: ='HW&Projects'!G10 -> 10 | F10: 60 | G10: =C10+D10+E10+F10 -> 100
A11: 6- | B11: Ayla Ahmad | C11: =ROUNDUP(Quiz!G11,0) -> 20 | D11: ='CW&Projects'!G11 -> 10 | E11: ='HW&Projects'!G11 -> 10 | F11: 59 | G11: =C11+D11+E11+F11 -> 99
A12: 7- | B12: Leen Ahmed Fekry | C12: =ROUNDUP(Quiz!G12,0) -> 20 | D12: ='CW&Projects'!G12 -> 10 | E12: ='HW&Projects'!G12 -> 10 | F12: 60 | G12: =C12+D12+E12+F12 -> 100
A13: 8- | B13: Muhd. Faris suleman | C13: =ROUNDUP(Quiz!G13,0) -> 20 | D13: ='CW&Projects'!G13 -> 10 | E13: ='HW&Projects'!G13 -> 10 | F13: 60 | G13: =C13+D13+E13+F13 -> 100
A14: 9- | B14: Maheen Fatima Shoaib | C14: =ROUNDUP(Quiz!G14,0) -> 20 | D14: ='CW&Projects'!G14 -> 10 | E14: ='HW&Projects'!G14 -> 10 | F14: 60 | G14: =C14+D14+E14+F14 -> 100
A15: 10- | B15: Malek Mohamed | C15: =ROUNDUP(Quiz!G15,0) -> 20 | D15: ='CW&Projects'!G15 -> 10 | E15: ='HW&Projects'!G15 -> 10 | F15: 57 | G15: =C15+D15+E15+F15 -> 97
A16: 11- | B16: Mariam Abusnaina | C16: =ROUNDUP(Quiz!G16,0) -> 20 | D16: ='CW&Projects'!G16 -> 10 | E16: ='HW&Projects'!G16 -> 10 | F16: 60 | G16: =C16+D16+E16+F16 -> 100
A17: 12- | B17: Moath Mostafa Essam | C17: =ROUNDUP(Quiz!G17,0) -> 20 | D17: ='CW&Projects'!G17 -> 10 | E17: ='HW&Projects'!G17 -> 10 | F17: 51 | G17: =C17+D17+E17+F17 -> 91
... A30: 25- | B30: Zerlin Rafaqat Syed | C30: =ROUNDUP(Quiz!G30,0) -> 20 | D30: ='CW&Projects'!G30 -> 10 | E30: ='HW&Projects'!G30 -> 10 | F30: 60 | G30: =C30+D30+E30+F30 -> 100
A31: 26- | C31: =ROUNDUP(Quiz!G31,0) -> 20 | D31: ='CW&Projects'!G31 -> 10 | E31: ='HW&Projects'!G31 -> 10 | G31: =C31+D31+E31+F31 -> 40
A32: 27- | C32: =ROUNDUP(Quiz!G32,0) -> 20 | D32: ='CW&Projects'!G32 -> 10 | E32: ='HW&Projects'!G32 -> 10 | G32: =C32+D32+E32+F32 -> 40
A33: 28- | C33: =ROUNDUP(Quiz!G33,0) -> 20 | D33: ='CW&Projects'!G33 -> 10 | E33: ='HW&Projects'!G33 -> 10 | G33: =C33+D33+E33+F33 -> 40
A34: 29- | C34: =ROUNDUP(Quiz!G34,0) -> 20 | D34: ='CW&Projects'!G34 -> 10 | E34: ='HW&Projects'!G34 -> 10 | G34: =C34+D34+E34+F34 -> 40
A35: 30- | C35: =ROUNDUP(Quiz!G35,0) -> 20 | D35: ='CW&Projects'!G35 -> 10 | E35: ='HW&Projects'!G35 -> 10 | G35: =C35+D35+E35+F35 -> 40
A36: 31- | C36: =ROUNDUP(Quiz!G36,0) -> 0 | D36: ='CW&Projects'!G36 -> #DIV/0! | E36: ='HW&Projects'!G36 -> #DIV/0! | G36: =C36+D36+E36+F36 -> #DIV/0!
A37: 32- | C37: =ROUNDUP(Quiz!G37,0) -> 0 | D37: ='CW&Projects'!G37 -> #DIV/0! | E37: ='HW&Projects'!G37 -> #DIV/0! | G37: =C37+D37+E37+F37 -> #DIV/0!
A38: 33- | C38: =ROUNDUP(Quiz!G38,0) -> 0 | D38: ='CW&Projects'!G38 -> #DIV/0! | E38: ='HW&Projects'!G38 -> #DIV/0! | G38: =C38+D38+E38+F38 -> #DIV/0!
A39: 34- | C39: =ROUNDUP(Quiz!G39,0) -> 0 | D39: ='CW&Projects'!G39 -> #DIV/0! | E39: ='HW&Projects'!G39 -> #DIV/0! | G39: =C39+D39+E39+F39 -> #DIV/0!
A40: 35- | C40: =ROUNDUP(Quiz!G40,0) -> 0 | D40: ='CW&Projects'!G40 -> #DIV/0! | E40: ='HW&Projects'!G40 -> #DIV/0! | G40: =C40+D40+E40+F40 -> #DIV/0!

Sheet Quiz
B2: ='Final Results'!B2 -> First Mid-Term Exam (AY 2025-2026) | D2: Year | E2: ='Final Results'!E2 -> 1 | F2: Section | G2: ='Final Results'!G2 -> A
B3: Teacher Name: | C3: ='Final Results'!C3:G3 -> Ms Patience
A4: S.No. | B4: Name of student | C4: Quiz 1 | D4: Quiz 2 | E4: Quiz 3 | F4: Quiz 4 | G4: Total
B5: Maximum Marks | C5: 20 | D5: 20 | E5: 20 | F5: 20 | G5: 20
A6: ='Final Results'!A6 -> 1- | B6: ='Final Results'!B6 -> Abdul Manan Nour | C6: 20 | D6: 19 | E6: 18 | F6: 20 | G6: =MAX(C6:F6) -> 20 | L6: =C6/$C$5 -> 1 | M6: =D6/$D$5 -> 0.95 | N6: =E6/$E$5 -> 0.9 | O6: =F6/$F$5 -> 1
A7: ='Final Results'!A7 -> 2- | B7: ='Final Results'!B7 -> Abdullah Mohamed Akrim | C7: 20 | D7: 20 | E7: 20 | F7: 20 | G7: =MAX(C7:F7) -> 20 | L7: =C7/$C$5 -> 1 | M7: =D7/$D$5 -> 1 | N7: =E7/$E$5 -> 1 | O7: =F7/$F$5 -> 1
A8: ='Final Results'!A8 -> 3- | B8: ='Final Results'!B8 -> Ahmad Ammar mohammed | C8: 20 | D8: 20 | E8: 20 | F8: 20 | G8: =MAX(C8:F8) -> 20 | L8: =C8/$C$5 -> 1 | M8: =D8/$D$5 -> 1 | N8: =E8/$E$5 -> 1 | O8: =F8/$F$5 -> 1
A9: ='Final Results'!A9 -> 4- | B9: ='Final Results'!B9 -> Farida Ghofran | C9: 20 | D9: 20 | E9: 20 | F9: 20 | G9: =MAX(C9:F9) -> 20 | L9: =C9/$C$5 -> 1 | M9: =D9/$D$5 -> 1 | N9: =E9/$E$5 -> 1 | O9: =F9/$F$5 -> 1
A10: ='Final Results'!A10 -> 5- | B10: ='Final Results'!B10 -> Jwan Ayman Hashiam | C10: 20 | D10: 19 | E10: 20 | F10: 19 | G10: =MAX(C10:F10) -> 20 | L10: =C10/$C$5 -> 1 | M10: =D10/$D$5 -> 0.95 | N10: =E10/$E$5 -> 1 | O10: =F10/$F$5 -> 0.95
A11: ='Final Results'!A11 -> 6- | B11: ='Final Results'!B11 -> Ayla Ahmad | C11: 20 | D11: 18 | E11: 20 | F11: 20 | G11: =MAX(C11:F11) -> 20 | L11: =C11/$C$5 -> 1 | M11: =D11/$D$5 -> 0.9 | N11: =E11/$E$5 -> 1 | O11: =F11/$F$5 -> 1
A12: ='Final Results'!A12 -> 7- | B12: ='Final Results'!B12 -> Leen Ahmed Fekry | C12: 20 | D12: 20 | E12: 20 | F12: 20 | G12: =MAX(C12:F12) -> 20 | L12: =C12/$C$5 -> 1 | M12: =D12/$D$5 -> 1 | N12: =E12/$E$5 -> 1 | O12: =F12/$F$5 -> 1
A13: ='Final Results'!A13 -> 8- | B13: ='Final Results'!B13 -> Muhd. Faris suleman | C13: 20 | D13: 20 | E13: 20 | F13: 20 | G13: =MAX(C13:F13) -> 20 | L13: =C13/$C$5 -> 1 | M13: =D13/$D$5 -> 1 | N13: =E13/$E$5 -> 1 | O13: =F13/$F$5 -> 1
A14: ='Final Results'!A14 -> 9- | B14: ='Final Results'!B14 -> Maheen Fatima Shoaib | C14: 20 | D14: 20 | E14: 20 | F14: 20 | G14: =MAX(C14:F14) -> 20 | L14: =C14/$C$5 -> 1 | M14: =D14/$D$5 -> 1 | N14: =E14/$E$5 -> 1 | O14: =F14/$F$5 -> 1
A15: ='Final Results'!A15 -> 10- | B15: ='Final Results'!B15 -> Malek Mohamed | C15: 19 | D15: 20 | E15: 20 | F15: 20 | G15: =MAX(C15:F15) -> 20 | L15: =C15/$C$5 -> 0.95 | M15: =D15/$D$5 -> 1 | N15: =E15/$E$5 -> 1 | O15: =F15/$F$5 -> 1
A16: ='Final Results'!A16 -> 11- | B16: ='Final Results'!B16 -> Mariam Abusnaina | C16: 19 | D16: 20 | E16: 20 | F16: 20 | G16: =MAX(C16:F16) -> 20 | L16: =C16/$C$5 -> 0.95 | M16: =D16/$D$5 -> 1 | N16: =E16/$E$5 -> 1 | O16: =F16/$F$5 -> 1
A17: ='Final Results'!A17 -> 12- | B17: ='Final Results'!B17 -> Moath Mostafa Essam | C17: 20 | D17: 20 | E17: 20 | F17: 20 | G17: =MAX(C17:F17) -> 20 | L17: =C17/$C$5 -> 1 | M17: =D17/$D$5 -> 1 | N17: =E17/$E$5 -> 1 | O17: =F17/$F$5 -> 1
... A35: ='Final Results'!A35 -> 30- | B35: ='Final Results'!B35 -> 0 | C35: 20 | D35: 20 | E35: 20 | F35: 20 | G35: =MAX(C35:F35) -> 20 | L35: =C35/$C$5 -> 1 | M35: =D35/$D$5 -> 1 | N35: =E35/$E$5 -> 1 | O35: =F35/$F$5 -> 1
A36: ='Final Results'!A36 -> 31- | B36: ='Final Results'!B36 -> 0 | G36: =MAX(C36:F36) -> 0 | L36: =C36/$C$5 -> 0 | M36: =D36/$D$5 -> 0 | N36: =E36/$E$5 -> 0 | O36: =F36/$F$5 -> 0
A37: ='Final Results'!A37 -> 32- | B37: ='Final Results'!B37 -> 0 | G37: =MAX(C37:F37) -> 0 | L37: =C37/$C$5 -> 0 | M37: =D37/$D$5 -> 0 | N37: =E37/$E$5 -> 0 | O37: =F37/$F$5 -> 0
A38: ='Final Results'!A38 -> 33- | B38: ='Final Results'!B38 -> 0 | G38: =MAX(C38:F38) -> 0 | L38: =C38/$C$5 -> 0 | M38: =D38/$D$5 -> 0 | N38: =E38/$E$5 -> 0 | O38: =F38/$F$5 -> 0
A39: ='Final Results'!A39 -> 34- | B39: ='Final Results'!B39 -> 0 | G39: =MAX(C39:F39) -> 0 | L39: =C39/$C$5 -> 0 | M39: =D39/$D$5 -> 0 | N39: =E39/$E$5 -> 0 | O39: =F39/$F$5 -> 0
A40: ='Final Results'!A40 -> 35- | B40: ='Final Results'!B40 -> 0 | G40: =MAX(C40:F40) -> 0 | L40: =C40/$C$5 -> 0 | M40: =D40/$D$5 -> 0 | N40: =E40/$E$5 -> 0 | O40: =F40/$F$5 -> 0

Sheet HW&Projects
B2: ='Final Results'!B2 -> First Mid-Term Exam (AY 2025-2026) | D2: Year | E2: ='Final Results'!E2 -> 1 | F2: Section | G2: ='Final Results'!G2 -> A
B3: Teacher Name: | C3: ='Final Results'!C3:G3 -> Ms Patience
A4: S.No. | B4: Name of student | C4: Week 1 | D4: Week 2 | E4: Week 3 | F4: Week 4 | G4: Total
B5: Maximum Marks | C5: 10 | D5: 10 | E5: 10 | F5: 10
A6: ='Final Results'!A6 -> 1- | B6: ='Final Results'!B6 -> Abdul Manan Nour | C6: 10 | D6: 10 | E6: 10 | F6: 10 | G6: =MAX(ROUNDUP(AVERAGE(C6:F6),0),7) -> 10
A7: ='Final Results'!A7 -> 2- | B7: ='Final Results'!B7 -> Abdullah Mohamed Akrim | C7: 10 | D7: 10 | E7: 10 | F7: 10 | G7: =MAX(ROUNDUP(AVERAGE(C7:F7),0),7) -> 10
A8: ='Final Results'!A8 -> 3- | B8: ='Final Results'!B8 -> Ahmad Ammar mohammed | C8: 10 | D8: 10 | E8: 10 | F8: 10 | G8: =MAX(ROUNDUP(AVERAGE(C8:F8),0),7) -> 10
A9: ='Final Results'!A9 -> 4- | B9: ='Final Results'!B9 -> Farida Ghofran | C9: 10 | D9: 10 | E9: 10 | F9: 10 | G9: =MAX(ROUNDUP(AVERAGE(C9:F9),0),7) -> 10
A10: ='Final Results'!A10 -> 5- | B10: ='Final Results'!B10 -> Jwan Ayman Hashiam | C10: 10 | D10: 10 | E10: 10 | F10: 10 | G10: =MAX(ROUNDUP(AVERAGE(C10:F10),0),7) -> 10
A11: ='Final Results'!A11 -> 6- | B11: ='Final Results'!B11 -> Ayla Ahmad | C11: 10 | D11: 10 | E11: 10 | F11: 10 | G11: =MAX(ROUNDUP(AVERAGE(C11:F11),0),7) -> 10
A12: ='Final Results'!A12 -> 7- | B12: ='Final Results'!B12 -> Leen Ahmed Fekry | C12: 10 | D12: 10 | E12: 10 | F12: 10 | G12: =MAX(ROUNDUP(AVERAGE(C12:F12),0),7) -> 10
A13: ='Final Results'!A13 -> 8- | B13: ='Final Results'!B13 -> Muhd. Faris suleman | C13: 10 | D13: 10 | E13: 10 | F13: 10 | G13: =MAX(ROUNDUP(AVERAGE(C13:F13),0),7) -> 10
A14: ='Final Results'!A14 -> 9- | B14: ='Final Results'!B14 -> Maheen Fatima Shoaib | C14: 10 | D14: 10 | E14: 10 | F14: 10 | G14: =MAX(ROUNDUP(AVERAGE(C14:F14),0),7) -> 10
A15: ='Final Results'!A15 -> 10- | B15: ='Final Results'!B15 -> Malek Mohamed | C15: 10 | D15: 10 | E15: 10 | F15: 10 | G15: =MAX(ROUNDUP(AVERAGE(C15:F15),0),7) -> 10
A16: ='Final Results'!A16 -> 11- | B16: ='Final Results'!B16 -> Mariam Abusnaina | C16: 10 | D16: 10 | E16: 10 | F16: 10 | G16: =MAX(ROUNDUP(AVERAGE(C16:F16),0),7) -> 10
A17: ='Final Results'!A17 -> 12- | B17: ='Final Results'!B17 -> Moath Mostafa Essam | C17: 10 | D17: 10 | E17: 10 | F17: 10 | G17: =MAX(ROUNDUP(AVERAGE(C17:F17),0),7) -> 10
... A35: ='Final Results'!A35 -> 30- | B35: ='Final Results'!B35 -> 0 | C35: 10 | D35: 10 | E35: 10 | F35: 10 | G35: =MAX(ROUNDUP(AVERAGE(C35:F35),0),7) -> 10
A36: ='Final Results'!A36 -> 31- | B36: ='Final Results'!B36 -> 0 | G36: =MAX(ROUNDUP(AVERAGE(C36:F36),0),7) -> #DIV/0!
A37: ='Final Results'!A37 -> 32- | B37: ='Final Results'!B37 -> 0 | G37: =MAX(ROUNDUP(AVERAGE(C37:F37),0),7) -> #DIV/0!
A38: ='Final Results'!A38 -> 33- | B38: ='Final Results'!B38 -> 0 | G38: =MAX(ROUNDUP(AVERAGE(C38:F38),0),7) -> #DIV/0!
A39: ='Final Results'!A39 -> 34- | B39: ='Final Results'!B39 -> 0 | G39: =MAX(ROUNDUP(AVERAGE(C39:F39),0),7) -> #DIV/0!
A40: ='Final Results'!A40 -> 35- | B40: ='Final Results'!B40 -> 0 | G40: =MAX(ROUNDUP(AVERAGE(C40:F40),0),7) -> #DIV/0!

Sheet CW&Projects
B2: ='Final Results'!B2 -> First Mid-Term Exam (AY 2025-2026) | D2: Year | E2: ='Final Results'!E2 -> 1 | F2: Section | G2: ='Final Results'!G2 -> A
B3: Teacher Name: | C3: ='Final Results'!C3:G3 -> Ms Patience
A4: S.No. | B4: Name of student | C4: Week 1 | D4: Week 2 | E4: Week 3 | F4: Week 4 | G4: Total
B5: Maximum Marks | C5: 10 | D5: 10 | E5: 10 | F5: 10
A6: ='Final Results'!A6 -> 1- | B6: ='Final Results'!B6 -> Abdul Manan Nour | C6: 10 | D6: 10 | E6: 10 | F6: 10 | G6: =MAX(ROUNDUP(AVERAGE(C6:F6),0),7) -> 10
A7: ='Final Results'!A7 -> 2- | B7: ='Final Results'!B7 -> Abdullah Mohamed Akrim | C7: 10 | D7: 10 | E7: 10 | F7: 10 | G7: =MAX(ROUNDUP(AVERAGE(C7:F7),0),7) -> 10
A8: ='Final Results'!A8 -> 3- | B8: ='Final Results'!B8 -> Ahmad Ammar mohammed | C8: 10 | D8: 10 | E8: 10 | F8: 10 | G8: =MAX(ROUNDUP(AVERAGE(C8:F8),0),7) -> 10
A9: ='Final Results'!A9 -> 4- | B9: ='Final Results'!B9 -> Farida Ghofran | C9: 10 | D9: 10 | E9: 10 | F9: 10 | G9: =MAX(ROUNDUP(AVERAGE(C9:F9),0),7) -> 10
A10: ='Final Results'!A10 -> 5- | B10: ='Final Results'!B10 -> Jwan Ayman Hashiam | C10: 10 | D10: 10 | E10: 10 | F10: 10 | G10: =MAX(ROUNDUP(AVERAGE(C10:F10),0),7) -> 10
A11: ='Final Results'!A11 -> 6- | B11: ='Final Results'!B11 -> Ayla Ahmad | C11: 10 | D11: 10 | E11: 10 | F11: 10 | G11: =MAX(ROUNDUP(AVERAGE(C11:F11),0),7) -> 10
A12: ='Final Results'!A12 -> 7- | B12: ='Final Results'!B12 -> Leen Ahmed Fekry | C12: 10 | D12: 10 | E12: 10 | F12: 10 | G12: =MAX(ROUNDUP(AVERAGE(C12:F12),0),7) -> 10
A13: ='Final Results'!A13 -> 8- | B13: ='Final Results'!B13 -> Muhd. Faris suleman | C13: 10 | D13: 10 | E13: 10 | F13: 10 | G13: =MAX(ROUNDUP(AVERAGE(C13:F13),0),7) -> 10
A14: ='Final Results'!A14 -> 9- | B14: ='Final Results'!B14 -> Maheen Fatima Shoaib | C14: 10 | D14: 10 | E14: 10 | F14: 10 | G14: =MAX(ROUNDUP(AVERAGE(C14:F14),0),7) -> 10
A15: ='Final Results'!A15 -> 10- | B15: ='Final Results'!B15 -> Malek Mohamed | C15: 10 | D15: 10 | E15: 10 | F15: 10 | G15: =MAX(ROUNDUP(AVERAGE(C15:F15),0),7) -> 10
A16: ='Final Results'!A16 -> 11- | B16: ='Final Results'!B16 -> Mariam Abusnaina | C16: 10 | D16: 10 | E16: 10 | F16: 10 | G16: =MAX(ROUNDUP(AVERAGE(C16:F16),0),7) -> 10
A17: ='Final Results'!A17 -> 12- | B17: ='Final Results'!B17 -> Moath Mostafa Essam | C17: 10 | D17: 10 | E17: 10 | F17: 10 | G17: =MAX(ROUNDUP(AVERAGE(C17:F17),0),7) -> 10
... A35: ='Final Results'!A35 -> 30- | B35: ='Final Results'!B35 -> 0 | C35: 10 | D35: 10 | E35: 10 | F35: 10 | G35: =MAX(ROUNDUP(AVERAGE(C35:F35),0),7) -> 10
A36: ='Final Results'!A36 -> 31- | B36: ='Final Results'!B36 -> 0 | G36: =MAX(ROUNDUP(AVERAGE(C36:F36),0),7) -> #DIV/0!
A37: ='Final Results'!A37 -> 32- | B37: ='Final Results'!B37 -> 0 | G37: =MAX(ROUNDUP(AVERAGE(C37:F37),0),7) -> #DIV/0!
A38: ='Final Results'!A38 -> 33- | B38: ='Final Results'!B38 -> 0 | G38: =MAX(ROUNDUP(AVERAGE(C38:F38),0),7) -> #DIV/0!
A39: ='Final Results'!A39 -> 34- | B39: ='Final Results'!B39 -> 0 | G39: =MAX(ROUNDUP(AVERAGE(C39:F39),0),7) -> #DIV/0!
A40: ='Final Results'!A40 -> 35- | B40: ='Final Results'!B40 -> 0 | G40: =MAX(ROUNDUP(AVERAGE(C40:F40),0),7) -> #DIV/0!
